16.09,https://www.oneill.com/fr/fr/arch-print-sandals/0A4972-9950-32.html
76.99,https://www.oneill.com/fr/fr/charger-parka-jacket/9P1070-5056-140.html
76.99,https://www.oneill.com/fr/en/charger-parka-jacket/9P1070-6077-140.html
Not available,Not available
Not available,Not available
41.99,https://www.oneill.com/fr/fr/mingo-denim-pants/0A2782-1250-152.html
41.99,https://www.oneill.com/fr/en/5-pocket-denim-pants/0A2776-1250-128.html
32.19,https://www.oneill.com/fr/en/friday-night-chino-shorts/0A2570-6077-140.html
32.19,https://www.oneill.com/fr/en/friday-night-chino-shorts/0A2570-7507-128.html
32.19,https://www.oneill.com/fr/en/friday-night-chino-shorts/0A2570-9010-104.html
32.19,https://www.oneill.com/fr/fr/cali-beach-cargo-shorts/0A2572-5056-104.html
32.19,https://www.oneill.com/fr/fr/cali-beach-cargo-shorts/0A2572-5209-104.html
32.19,https://www.oneill.com/fr/fr/cali-beach-cargo-shorts/0A2572-6077-140.html
32.19,https://www.oneill.com/fr/en/cali-beach-cargo-shorts/0A2572-6920-164.html?channable=e127160.MEEyNTcyLTY5MjAtMTY0
32.19,https://www.oneill.com/fr/nl/cali-beach-cargo-short/0A2572-9980-104.html
27.99,https://www.oneill.com/fr/en/5-pocket-denim-shorts/0A2576-5056-104.html
27.99,https://www.oneill.com/fr/en/sweat-shorts/0A2578-6920-140.html
32.19,https://www.oneill.com/fr/fr/friday-night-chino-shorts/0A2582-6151-128.html?channable=e77429.MEEyNTgyLTYxNTEtMTI4
17.99,https://www.oneill.com/fr/en/surfs-out-shorts/9A2576-5014-152.html
48.99,https://www.oneill.com/fr/fr/sherpa-camo-half-zip-hoodie-superfleece/9P1174-6900-116.html
Not available,Not available
,https://www.oneill.com/fr/en/logo-crew-sweatshirt/8P3662-9010-116.html
34.99,https://www.oneill.com/fr/en/newton--sweatshirt/9P1476-9900-128.html
27.99,https://www.oneill.com/fr/en/fawn-logo-sweatshirt/9P1478-8026-128.html
Not available,Not available
41.99,https://www.oneill.com/fr/fr/tech-zip-thru-sweatshirt/0A1490-5204-104.html
41.99,https://www.oneill.com/fr/fr/colorblock-hoodie/0A1488-6920-128.html
Not available,Not available
12.59,https://www.oneill.com/fr/en/horizon-pocket-t-shirt/0A2476-1030-104.html
16.09,https://www.oneill.com/fr/en/mateo-striped-t-shirt/0A2482-5930-116.html
16.09,https://www.oneill.com/fr/fr/mateo-striped-t-shirt/0A2482-5950-164.html
20.99,https://www.oneill.com/fr/en/boxy-t-shirt/0A2496-2533-116.html
20.99,https://www.oneill.com/fr/fr/boxy-t-shirt/0A2496-6910-104.html
20.99,https://www.oneill.com/fr/en/boxy-t-shirt/0A2496-6920-140.html
9.99,https://www.oneill.com/fr/fr/back-print-t-shirt/9A2478-9010-176.html
10.79,https://www.oneill.com/fr/en/jacks-base-t-shirt/9A2482-2523-152.html
32.19,https://www.oneill.com/fr/en/double-up-swim-shorts/0A3274-5900-152.html?channable=e96832.MEEzMjc0LTU5MDAtMTUy
,https://www.oneill.com/fr/fr/stacked-swim-shorts/0A3276-6920-164.html?channable=e32836.MEEzMjc2LTY5MjAtMTY0
25.19,https://www.oneill.com/fr/fr/horizon-swim-shorts/0A3280-5900-116.html
20.99,https://www.oneill.com/fr/en/cali-swim-shorts/0A3288-3121-116.html
20.99,https://www.oneill.com/fr/en/vert-swim-shorts/9A3278-5014-116.html
34.99,https://www.oneill.com/fr/fr/hyperfreak-heist-line-boardshort/0A3172-8900-116.html
,https://www.oneill.com/fr/fr/jack-full-zip-fleece/8P0274-5112-104.html
,https://www.oneill.com/fr/fr/jack-full-zip-fleece/8P0274-6058-164.html
34.99,https://www.oneill.com/fr/be/hooded-full-zip-ski-fleece/9P0270-6058-116.html
Not available,Not available
27.99,https://www.oneill.com/fr/fr/crew-ski-fleece/9P0274-6058-152.html
20.99,https://www.oneill.com/fr/fr/1-4-zip-ski-fleece/9P0276-6058-104.html
,https://www.oneill.com/fr/fr/statement-ski-snowboard-jacket/8P0084-5056-176.html
,https://www.oneill.com/fr/en/statement-ski-snowboard-jacket/8P0084-5112-128.html
Not available,Not available
Not available,Not available
90.99,https://www.oneill.com/fr/fr/igneous-ski-jacket/9P0074-5075-128.html
83.99,https://www.oneill.com/fr/en/aplite-ski-jacket/9P0078-6058-128.html
83.99,https://www.oneill.com/fr/fr/aplite-ski-jacket/9P0078-9010-104.html
69.99,https://www.oneill.com/fr/fr/halite-ski-jacket/9P0080-5900-104.html
69.99,https://www.oneill.com/fr/en/halite-ski-jacket/9P0080-6900-140.html
69.99,https://www.oneill.com/fr/en/halite-ski-jacket/9P0080-6960-128.html
69.99,https://www.oneill.com/fr/en/halite-ski-jacket/9P0080-9900-140.html
69.99,https://www.oneill.com/fr/en/magnatite-ski-jacket/9P0082-5075-116.html
,https://www.oneill.com/fr/fr/bib-ski-snowboard-pants/8P3070-5056-128.html
,https://www.oneill.com/fr/en/anvil-ski-snowboard-pants/8P3072-2521-176.html
,https://www.oneill.com/fr/en/anvil-ski-snowboard-pants/8P3072-5112-116.html
,https://www.oneill.com/fr/fr/anvil-ski-snowboard-pants/8P3072-6017-128.html
,https://www.oneill.com/fr/fr/anvil-pants/8P3072-6025-104.html
Not available,Not available
Not available,Not available
83.99,https://www.oneill.com/fr/be/bib-ski-pants/9P3070-6058-104.html
62.99,https://www.oneill.com/fr/en/anvil-ski-pants/9P3072-2518-104.html
62.99,https://www.oneill.com/fr/en/anvil-ski-pants/9P3072-5075-140.html
62.99,https://www.oneill.com/fr/en/anvil-ski-pants/9P3072-6058-128.html
,https://www.oneill.com/fr/fr/anvil-ski-pants/9P3072-9010-176.html
18.19,https://www.oneill.com/fr/en/wool-scarf/9P9270-4048-0.html
20.99,https://www.oneill.com/fr/be/beach-staw-bag/0A9070-7507-0.html
18.19,https://www.oneill.com/fr/en/pop-melange-beanie/9P9172-6149-0.html
16.09,https://www.oneill.com/fr/en/soft-knit-beanie/9P9174-3021-0.html
18.19,https://www.oneill.com/fr/en/fedora-hat/0A9170-7507-54.html
18.19,https://www.oneill.com/fr/en/ditsy-sandals/0A9970-3121-301.html
16.09,https://www.oneill.com/fr/en/woven-sandals/0A9972-5950-32.html
16.09,https://www.oneill.com/fr/en/woven-sandals/0A9972-6960-32.html