Brand,Reference,Google Search Code,Category,Name,Product Page URL,Price(Euros)
O'NEILL,0A4972-9950 BLACK AOP,0A4972-9950,Sandals,FB ARCH PRINT SANDALS,,
O'NEILL,9P1070-5056 Ink Blue,9P1070-5056,Jackets,LB CHARGER PARKA,,
O'NEILL,9P1070-6077 Winter Mos,9P1070-6077,Jackets,LB CHARGER PARKA,,
O'NEILL,8P1072-5056 Ink Blue,8P1072-5056,Jackets Technical,LB TRANSIT JACKET,,
O'NEILL,8P1072-5112 Surf Blue,8P1072-5112,Jackets Technical,LB TRANSIT JACKET,,
O'NEILL,0A2780-1250 Light Auth,0A2780-1250,Pants,LB TITO 5 POCKET DENIM PANTS,,
O'NEILL,0A2782-1250 Light Auth,0A2782-1250,Pants,LB MINGO 5 POCKET DENIM PANTS,,
O'NEILL,9P2772-5204 Scale,9P2772-5204,Pants,LB STRINGER DENIM,,
O'NEILL,0A2776-1250 Light Auth,0A2776-1250,Pants,LB 5-POCKET JOG DENIM PANTS,,
O'NEILL,0A2570-6077 Winter Mos,0A2570-6077,Shorts,LB FRIDAY NIGHT CHINO SHORTS,,
O'NEILL,0A2570-7507 Chateau Be,0A2570-7507,Shorts,LB FRIDAY NIGHT CHINO SHORTS,,
O'NEILL,0A2570-9010 Black Out,0A2570-9010,Shorts,LB FRIDAY NIGHT CHINO SHORTS,,
O'NEILL,0A2572-5056 Ink Blue,0A2572-5056,Shorts,LB CALI BEACH CARGO SHORTS,,
O'NEILL,0A2572-5209 Walton Blu,0A2572-5209,Shorts,LB CALI BEACH CARGO SHORTS,,
O'NEILL,0A2572-6077 Winter Mos,0A2572-6077,Shorts,LB CALI BEACH CARGO SHORTS,,
O'NEILL,0A2572-6920 GREEN AOP,0A2572-6920,Shorts,LB CALI BEACH CARGO SHORTS,,
O'NEILL,0A2572-9980 BLACK AOP,0A2572-9980,Shorts,LB CALI BEACH CARGO SHORTS,,
O'NEILL,0A2576-5056 Ink Blue,0A2576-5056,Shorts,LB 5-POCKET SHORTS,,
O'NEILL,0A2578-6920 GREEN AOP,0A2578-6920,Shorts,LB JOGGER SHORTS,,
O'NEILL,0A2582-6151 Salina Gre,0A2582-6151,Shorts,LB FRIDAY NIGHT CHINO SHORTS,,
O'NEILL,9A2576-5014 Dazzling B,9A2576-5014,Shorts,LB SURFS OUT SHORTS,,
O'NEILL,9P1174-6900 GREEN AOP,9P1174-6900,Superfleeces,LB SHERPA HZ HOODIE - CAMO,,
O'NEILL,8P1482-5056 Ink Blue,8P1482-5056,Sweatshirts,LB THE O'NEILL RIDE SWEATSHIRT,,
O'NEILL,8P3662-9010 Black Out,8P3662-9010,Sweatshirts,LB LOGO CREW SWEATSHIRT,,
O'NEILL,9P1476-6900 GREEN AOP,9P1476-6900,Sweatshirts,LB NEWTON CREW,,
O'NEILL,9P1476-9900 BLACK AOP,9P1476-9900,Sweatshirts,LB NEWTON CREW,,
O'NEILL,9P1478-8026 Asphalt,9P1478-8026,Sweatshirts,LB FAWN LOGO CREW,,
O'NEILL,8P1478-6077 Winter Mos,8P1478-6077,Sweatshirts,LB PCH CALIFORNIA FZ HOODIE,,
O'NEILL,0A1490-5204 Scale,0A1490-5204,Sweatshirts,LB TECH ZIP THRU SWEATSHIRT,,
O'NEILL,0A1490-6096 Amazon Gre,0A1490-6096,Sweatshirts,LB TECH ZIP THRU SWEATSHIRT,,
O'NEILL,0A1488-6920 GREEN AOP,0A1488-6920,Sweatshirts,LB HOODIE,,
O'NEILL,8P2176-6058 Forest Nig,8P2176-6058,Tees,LB JACK'S BASE L/SLV T-SHIRT,,
O'NEILL,0A2476-1030 Powder Whi,0A2476-1030,Tees,LB HORIZON POCKET T-SHIRT,,
O'NEILL,0A2476-8001 Silver Mel,0A2476-8001,Tees,LB HORIZON POCKET T-SHIRT,,
O'NEILL,0A2482-5930 BLUE AOP W,0A2482-5930,Tees,LB MATEO STRIPED T-SHIRT,,
O'NEILL,0A2482-5950 BLUE AOP W,0A2482-5950,Tees,LB MATEO STRIPED T-SHIRT,,
O'NEILL,0A2496-2533 Spicy Oran,0A2496-2533,Tees,LB BOXY T-SHIRT,,
O'NEILL,0A2496-6910 GREEN AOP,0A2496-6910,Tees,LB BOXY T-SHIRT,,
O'NEILL,0A2496-6920 GREEN AOP,0A2496-6920,Tees,LB BOXY T-SHIRT,,
O'NEILL,9A2478-9010 Black Out,9A2478-9010,Tees,LB BACK PRINT S/SLV T-SHIRT,,
O'NEILL,9A2482-2523 Burning Or,9A2482-2523,Tees,LB JACKS BASE S/SLV T-SHIRT,,
O'NEILL,0A3274-5900 BLUE AOP,0A3274-5900,Boardshorts,PB DOUBLE-UP SHORTS,,
O'NEILL,0A3276-6920 GREEN AOP,0A3276-6920,Boardshorts,PB STACKED SHORTS,,
O'NEILL,0A3280-5900 BLUE AOP,0A3280-5900,Boardshorts,PB HORIZON SHORTS,,
O'NEILL,0A3288-3121 Mandarine,0A3288-3121,Boardshorts,PB CALI SHORTS,,
O'NEILL,9A3278-5014 Dazzling B,9A3278-5014,Boardshorts,PB VERT SHORTS,,
O'NEILL,0A3172-8900 GREY AOP,0A3172-8900,Boardshorts,PB HYPERFREAK HEIST LINE,,
O'NEILL,8P0274-5112 Surf Blue,8P0274-5112,Fleeces,PB JACK FZ FLEECE,,
O'NEILL,8P0274-6058 Forest Nig,8P0274-6058,Fleeces,PB JACK FZ FLEECE,,
O'NEILL,9P0270-6058 Forest Nig,9P0270-6058,Fleeces,PB HOODED FULL ZIP FLEECE,,
O'NEILL,9P0272-5075 Seaport Bl,9P0272-5075,Fleeces,PB FULL-ZIP FLEECE,,
O'NEILL,9P0274-6058 Forest Nig,9P0274-6058,Fleeces,PB CREW FLEECE,,
O'NEILL,9P0274-9010 Black Out,9P0274-9010,Fleeces,PB CREW FLEECE,,
O'NEILL,9P0276-6058 Forest Nig,9P0276-6058,Fleeces,PB 1/4 ZIP FLEECE,,
O'NEILL,8P0084-5056 Ink Blue,8P0084-5056,Jackets Snow,PB STATEMENT JACKET,,
O'NEILL,8P0084-5112 Surf Blue,8P0084-5112,Jackets Snow,PB STATEMENT JACKET,,
O'NEILL,8P3648-6025 DRESDEN BL,8P3648-6025,Jackets Snow,PB THUNDER PEAK JACKET,,
O'NEILL,8P3648-6058 Forest Nig,8P3648-6058,Jackets Snow,PB THUNDER PEAK JACKET,,
O'NEILL,8P3648-9010 Black Out,8P3648-9010,Jackets Snow,PB THUNDER PEAK JACKET,,
O'NEILL,9P0074-5075 Seaport Bl,9P0074-5075,Jackets Snow,PB IGNEOUS JACKET,,
O'NEILL,9P0074-6058 Forest Nig,9P0074-6058,Jackets Snow,PB IGNEOUS JACKET,,
O'NEILL,9P0078-6058 Forest Nig,9P0078-6058,Jackets Snow,PB APLITE JACKET,,
O'NEILL,9P0078-9010 Black Out,9P0078-9010,Jackets Snow,PB APLITE JACKET,,
O'NEILL,9P0080-5900 BLUE AOP,9P0080-5900,Jackets Snow,PB HALITE JACKET,,
O'NEILL,9P0080-6900 GREEN AOP,9P0080-6900,Jackets Snow,PB HALITE JACKET,,
O'NEILL,9P0080-6960 GREEN AOP,9P0080-6960,Jackets Snow,PB HALITE JACKET,,
O'NEILL,9P0080-9900 BLACK AOP,9P0080-9900,Jackets Snow,PB HALITE JACKET,,
O'NEILL,9P0082-5075 Seaport Bl,9P0082-5075,Jackets Snow,PB MAGNATITE JACKET,,
O'NEILL,8P3070-5056 Ink Blue,8P3070-5056,Snow pants,PB BIB PANTS,,
O'NEILL,8P3072-2521 Bright Ora,8P3072-2521,Snow pants,PB ANVIL PANTS,,
O'NEILL,8P3072-5112 Surf Blue,8P3072-5112,Snow pants,PB ANVIL PANTS,,
O'NEILL,8P3072-6017 Treetop Gr,8P3072-6017,Snow pants,PB ANVIL PANTS,,
O'NEILL,8P3072-6025 DRESDEN BL,8P3072-6025,Snow pants,PB ANVIL PANTS,,
O'NEILL,8P3658-2521 Bright Ora,8P3658-2521,Snow pants,PB ANVIL PANTS,,
O'NEILL,8P3658-6025 DRESDEN BL,8P3658-6025,Snow pants,PB ANVIL PANTS,,
O'NEILL,8P3658-9010 Black Out,8P3658-9010,Snow pants,PB ANVIL PANTS,,
O'NEILL,9P3070-6058 Forest Nig,9P3070-6058,Snow pants,PB BIB PANTS,,
O'NEILL,9P3070-9010 Black Out,9P3070-9010,Snow pants,PB BIB PANTS,,
O'NEILL,9P3072-2518 Citrine Or,9P3072-2518,Snow pants,PB ANVIL PANTS,,
O'NEILL,9P3072-5075 Seaport Bl,9P3072-5075,Snow pants,PB ANVIL PANTS,,
O'NEILL,9P3072-6058 Forest Nig,9P3072-6058,Snow pants,PB ANVIL PANTS,,
O'NEILL,9P3072-9010 Black Out,9P3072-9010,Snow pants,PB ANVIL PANTS,,
O'NEILL,9P9270-4048 Bridal Ros,9P9270-4048,Accessories,BG WOOL SCARF GIRLS,,
O'NEILL,0A9070-7507 Chateau Be,0A9070-7507,Bags,BG BEACH BAG STRAW,,
O'NEILL,9P9172-6149 Bivaline,9P9172-6149,Headwear,BG POP-MELANGE BEANIE,,
O'NEILL,9P9174-3021 Neon Flame,9P9174-3021,Headwear,BG SOFT-KNIT BEANIE,,
O'NEILL,0A9170-7507 Chateau Be,0A9170-7507,Headwear,BG FEDORA HAT,,
O'NEILL,0A9970-3121 Mandarine,0A9970-3121,Sandals,FG DITSY SANDALS,,
O'NEILL,0A9972-5950 BLUE AOP W,0A9972-5950,Sandals,FG WOVEN STRAP SANDALS,,
O'NEILL,0A9972-6960 GREEN AOP,0A9972-6960,Sandals,FG WOVEN STRAP SANDALS,,
O'NEILL,0A8986-4920 PINK-PURP,0A8986-4920,Dresses & Jumpsuits,LG SWEAT DRESS,,
O'NEILL,0A8986-5204 Scale,0A8986-5204,Dresses & Jumpsuits,LG SWEAT DRESS,,
O'NEILL,0A8971-4900 PINK AOP,0A8971-4900,Dresses & Jumpsuits,LG LOLA TUNIQUE DRESS,,
O'NEILL,0A8988-1940 WHITE AOP,0A8988-1940,Dresses & Jumpsuits,LG SUMMER PLAYSUIT,,
O'NEILL,0A8988-4960 PINK AOP W,0A8988-4960,Dresses & Jumpsuits,LG SUMMER PLAYSUIT,,
O'NEILL,9P5270-1030 Powder Whi,9P5270-1030,Fleeces,LG HAZEL FLEECE,,
O'NEILL,9P5270-4048 Bridal Ros,9P5270-4048,Fleeces,LG HAZEL FLEECE,,
O'NEILL,9P6070-3000 Gun Metal,9P6070-3000,Jackets,LG CB TRANSIT TOURING,,
O'NEILL,9P6070-3021 Neon Flame,9P6070-3021,Jackets,LG CB TRANSIT TOURING,,
O'NEILL,0A7782-3124 Lollipop,0A7782-3124,Pants,LG LEGGING,,
O'NEILL,0A7782-4920 PINK-PURP,0A7782-4920,Pants,LG LEGGING,,
O'NEILL,0A7790-1250 Light Auth,0A7790-1250,Pants,LG YFKE DENIM JEGGING,,
O'NEILL,0A7786-1250 Light Auth,0A7786-1250,Pants,LG WIDE LEG PANTS,,
O'NEILL,0A7774-5204 Scale,0A7774-5204,Pants,LG SUMMER JOGGER PANTS,,
O'NEILL,0A7774-8001 Silver Mel,0A7774-8001,Pants,LG SUMMER JOGGER PANTS,,
O'NEILL,9P7772-4048 Bridal Ros,9P7772-4048,Pants,LG MILLA SWEAT PANTS,,
O'NEILL,0A7576-1030 Powder Whi,0A7576-1030,Shorts,LG CALI PALM SHORTS,,
O'NEILL,0A7576-3121 Mandarine,0A7576-3121,Shorts,LG CALI PALM SHORTS,,
O'NEILL,0A7576-5204 Scale,0A7576-5204,Shorts,LG CALI PALM SHORTS,,
O'NEILL,0A7580-1940 WHITE AOP,0A7580-1940,Shorts,LG SUMMER SHORTS,,
O'NEILL,0A7580-4960 PINK AOP W,0A7580-4960,Shorts,LG SUMMER SHORTS,,
O'NEILL,0A7870-4920 PINK-PURP,0A7870-4920,Skirts,LG RUFFLE SKIRT,,
O'NEILL,0A7870-5204 Scale,0A7870-5204,Skirts,LG RUFFLE SKIRT,,
O'NEILL,9P6170-3021 Neon Flame,9P6170-3021,Superfleeces,LG ANISA SUPERFLEECE,,
O'NEILL,9P6174-6900 GREEN AOP,9P6174-6900,Superfleeces,LG SHERPA HZ HOODIE - CAMO,,
O'NEILL,0A6474-6082 Lily Pad,0A6474-6082,Sweatshirts,LG MIA CREW SWEATSHIRT,,
O'NEILL,0A6474-8101 White Mele,0A6474-8101,Sweatshirts,LG MIA CREW SWEATSHIRT,,
O'NEILL,8P6480-8900 GREY AOP,8P6480-8900,Sweatshirts,LG MOUNTAN CHASE SWEATSHIRT,,
O'NEILL,9P6470-4048 Bridal Ros,9P6470-4048,Sweatshirts,LG ILANA CREW,,
O'NEILL,0A7272-1030 Powder Whi,0A7272-1030,Tees,LG SURF TANKTOP,,
O'NEILL,0A7272-5204 Scale,0A7272-5204,Tees,LG SURF TANKTOP,,
O'NEILL,0A7280-4540 Marge,0A7280-4540,Tees,LG SURF GEAR TANKTOP,,
O'NEILL,0A7280-6151 Salina Gre,0A7280-6151,Tees,LG SURF GEAR TANKTOP,,
O'NEILL,0A7382-6082 Lily Pad,0A7382-6082,Tees,LG ROBYN TANKTOP,,
O'NEILL,0A7383-1940 WHITE AOP,0A7383-1940,Tees,LG SUMMER TANKTOP,,
O'NEILL,0A7383-4960 PINK AOP W,0A7383-4960,Tees,LG SUMMER TANKTOP,,
O'NEILL,8P7170-3350 Neon Tange,8P7170-3350,Tees,LG MOUNTAIN GAZE L/SLV T-SHIRT,,
O'NEILL,0A7392-6082 Lily Pad,0A7392-6082,Tees,LG PALM T-SHIRT,,
O'NEILL,0A8372-6940 GREEN AOP,0A8372-6940,Bikinis,PG VENICE BEACH-PARTY BIKINI,,